"Reference","Qty","Value","DNP","Exclude from BOM","Exclude from Board","Footprint","Datasheet"
"C1,C2,C3,C4","4","1μF","","","","Capacitor_SMD:C_0603_1608Metric_Pad1.08x0.95mm_HandSolder","~"
"C5","1","10μF","","","","Capacitor_SMD:C_0603_1608Metric_Pad1.08x0.95mm_HandSolder","~"
"C6","1","≥10µF","","","","Capacitor_SMD:C_0603_1608Metric_Pad1.08x0.95mm_HandSolder","~"
"D1","1","LED","","","","LED_SMD:LED_0603_1608Metric_Pad1.05x0.95mm_HandSolder","~"
"J1","1","Conn_01x04","","","","Connector_PinSocket_1.00mm:PinSocket_1x04_P1.00mm_Vertical","~"
"R1,R2,R4","3","4.7k","","","","Resistor_SMD:R_0603_1608Metric_Pad0.98x0.95mm_HandSolder","~"
"R3","1","330","","","","Resistor_SMD:R_0603_1608Metric_Pad0.98x0.95mm_HandSolder","~"
"U2","1","APDS-9960","","","","Sensor:Avago_APDS-9960","https://docs.broadcom.com/doc/AV02-4191EN"
"U3","1","MIC5376-2.8YC5-TR","","","","APDS-9960:SC-70_C5_MCH","MIC5376-2.8YC5-TR"
